https://www.ateliers-marinette.fr,kodak-ultramax-400-35mm-24,indisponible
https://www.ateliers-marinette.fr,kodak-portra-400-35mm,indisponible
https://www.ateliers-marinette.fr,kodak-ektar-100-35mm,indisponible
https://www.ateliers-marinette.fr,kodak-ektar-100-120,disponible
https://www.ateliers-marinette.fr,dubble-daily-black-and-white-400-35mm,indisponible
https://www.ateliers-marinette.fr,perimee-bipack-fuji-c200-35mm,disponible
https://www.retrocamera.be,2138-kodak-gold-200-135-24-0086806033954,indisponible
https://www.retrocamera.be,2559-washi-film-x-100-135-36,disponible
https://www.fotoimpex.com,adox-chs-100-ii-35mm-film-13536,indisponible,Expected back aprox. 24.10.2022
https://www.fotoimpex.com,adox-cms-20-ii-bulk-roll-305m100ft-double-sided-perforated,disponible
https://www.fotoimpex.com,adox-color-mission-200,indisponible
https://www.fotoimpex.com,agfaphoto-apx-400-13536-35-mm-new,indisponible,Expected back aprox. 27.10.2022
https://www.fotoimpex.com,bergger-pancro-400-135-36,indisponible,No expected date for back approx.
https://www.fotoimpex.com,bundle-out-of-3-x-ilford-delta-400-13536-adox-fx-39-type-ii-100-ml-conc-adox-baby-adofix-plus-100-ml-conc,disponible
https://www.fotoimpex.com,bundle-out-of-3-x-ilford-delta-100-13536-adox-fx-39-type-ii-100-ml-conc-adox-baby-adofix-plus-100-ml-conc,disponible
https://kamerastore.com,fujifilm-fujicolor-c200-35mm-color-film,indisponible
https://kamerastore.com,kodak-colorplus-200-35mm-color-film,indisponible
https://kamerastore.com,cinestill-800t-35mm-color-film,indisponible
https://kamerastore.com,ilford-hp5-plus-400-35mm-black-and-white-film,disponible
https://kamerastore.com,ilford-fp4-plus-125-35mm-black-and-white-film,disponible
https://kamerastore.com,kodak-colorplus-200-35mm-color-film,indisponible
https://www.digit-photo.com,KODAK-Portra-400-135-36-Poses-X5-rKFILM386,indisponible
https://www.digit-photo.com,KODAK-Gold-120-200-Asa-x5-rKODAK520004565,disponible
https://fr.morifilmlab.com,kodak-portra-160-35mm-film,indisponible
https://fr.morifilmlab.com,filmneverdie-niji-35mm-reusable-film-camera,disponible
https://fr.morifilmlab.com,ilford-xp2-super-400-b-w-c41-120-film-1,disponible
https://fr.morifilmlab.com,kodak-portra-400-35mm-film,indisponible
https://fr.morifilmlab.com,fujifilm-c200-35mm-film,indisponible
https://filmphotographystore.com,35mm-film-camera-canon-ae-1-program-slr-vintage,indisponible
https://filmphotographystore.com,16mm-film-double-perf-fresh-cine16-bw-negative-100-iso-100-ft,disponible
https://filmphotographystore.com,16mm-film-kodak-vision3-500t-7219-100-ft-30-5m,indisponible
https://buymorefilm.com,adox-chs-100-ii-135-36-new,disponible
https://buymorefilm.com,adox-cms-20-ii-pro-135-36-new,disponible
https://buymorefilm.com,agfaphoto-apx-400-135-36-new,disponible
https://buymorefilm.com,agfaphoto-apx-100-professional-135-36-new,indisponible
https://buymorefilm.com,bergger-pancro-400-35mm-36-new,indisponible
